{
  "resnet50": {
    "accuracy": 0.7591463414634146,
    "precision": 0.7623936585125283,
    "recall": 0.7591463414634146,
    "f1": 0.7588275940547654,
    "val_acc": 0.728125,
    "per_emotion": {
      "angry": {
        "precision": 0.8378378378378378,
        "recall": 0.6888888888888889,
        "f1": 0.7560975609756098,
        "support": 45
      },
      "disgust": {
        "precision": 0.7916666666666666,
        "recall": 0.7916666666666666,
        "f1": 0.7916666666666666,
        "support": 48
      },
      "fear": {
        "precision": 0.6739130434782609,
        "recall": 0.6595744680851063,
        "f1": 0.6666666666666666,
        "support": 47
      },
      "happy": {
        "precision": 0.8372093023255814,
        "recall": 0.7659574468085106,
        "f1": 0.8,
        "support": 47
      },
      "neutral": {
        "precision": 0.6862745098039216,
        "recall": 0.7291666666666666,
        "f1": 0.7070707070707071,
        "support": 48
      },
      "sad": {
        "precision": 0.7735849056603774,
        "recall": 0.8723404255319149,
        "f1": 0.82,
        "support": 47
      },
      "surprised": {
        "precision": 0.74,
        "recall": 0.8043478260869565,
        "f1": 0.7708333333333334,
        "support": 46
      }
    }
  }
}