{
  "mobilenet": {
    "accuracy": 0.6067073170731707,
    "precision": 0.615025990070825,
    "recall": 0.6067073170731707,
    "f1": 0.6056810396005535,
    "val_acc": 0.546875,
    "per_emotion": {
      "angry": {
        "precision": 0.5714285714285714,
        "recall": 0.5333333333333333,
        "f1": 0.5517241379310345,
        "support": 45
      },
      "disgust": {
        "precision": 0.5952380952380952,
        "recall": 0.5208333333333334,
        "f1": 0.5555555555555556,
        "support": 48
      },
      "fear": {
        "precision": 0.6666666666666666,
        "recall": 0.46808510638297873,
        "f1": 0.55,
        "support": 47
      },
      "happy": {
        "precision": 0.75,
        "recall": 0.7021276595744681,
        "f1": 0.7252747252747253,
        "support": 47
      },
      "neutral": {
        "precision": 0.5185185185185185,
        "recall": 0.5833333333333334,
        "f1": 0.5490196078431373,
        "support": 48
      },
      "sad": {
        "precision": 0.5,
        "recall": 0.6595744680851063,
        "f1": 0.5688073394495413,
        "support": 47
      },
      "surprised": {
        "precision": 0.7058823529411765,
        "recall": 0.782608695652174,
        "f1": 0.7422680412371134,
        "support": 46
      }
    }
  },
  "efficientnet": {
    "accuracy": 0.5762195121951219,
    "precision": 0.5837547817934149,
    "recall": 0.5762195121951219,
    "f1": 0.5704813263175726,
    "val_acc": 0.571875,
    "per_emotion": {
      "angry": {
        "precision": 0.52,
        "recall": 0.5777777777777777,
        "f1": 0.5473684210526316,
        "support": 45
      },
      "disgust": {
        "precision": 0.725,
        "recall": 0.6041666666666666,
        "f1": 0.6590909090909091,
        "support": 48
      },
      "fear": {
        "precision": 0.5769230769230769,
        "recall": 0.3191489361702128,
        "f1": 0.410958904109589,
        "support": 47
      },
      "happy": {
        "precision": 0.7777777777777778,
        "recall": 0.7446808510638298,
        "f1": 0.7608695652173914,
        "support": 47
      },
      "neutral": {
        "precision": 0.43103448275862066,
        "recall": 0.5208333333333334,
        "f1": 0.4716981132075472,
        "support": 48
      },
      "sad": {
        "precision": 0.43478260869565216,
        "recall": 0.425531914893617,
        "f1": 0.43010752688172044,
        "support": 47
      },
      "surprised": {
        "precision": 0.6190476190476191,
        "recall": 0.8478260869565217,
        "f1": 0.7155963302752294,
        "support": 46
      }
    }
  },
  "resnet18": {
    "accuracy": 0.6890243902439024,
    "precision": 0.6975674939889807,
    "recall": 0.6890243902439024,
    "f1": 0.6867437995231571,
    "val_acc": 0.70625,
    "per_emotion": {
      "angry": {
        "precision": 0.7073170731707317,
        "recall": 0.6444444444444445,
        "f1": 0.6744186046511628,
        "support": 45
      },
      "disgust": {
        "precision": 0.7058823529411765,
        "recall": 0.75,
        "f1": 0.7272727272727273,
        "support": 48
      },
      "fear": {
        "precision": 0.8125,
        "recall": 0.5531914893617021,
        "f1": 0.6582278481012658,
        "support": 47
      },
      "happy": {
        "precision": 0.7547169811320755,
        "recall": 0.851063829787234,
        "f1": 0.8,
        "support": 47
      },
      "neutral": {
        "precision": 0.5178571428571429,
        "recall": 0.6041666666666666,
        "f1": 0.5576923076923077,
        "support": 48
      },
      "sad": {
        "precision": 0.6923076923076923,
        "recall": 0.574468085106383,
        "f1": 0.627906976744186,
        "support": 47
      },
      "surprised": {
        "precision": 0.6964285714285714,
        "recall": 0.8478260869565217,
        "f1": 0.7647058823529411,
        "support": 46
      }
    }
  },
  "resnet50": {
    "accuracy": 0.7439024390243902,
    "precision": 0.7443526602607613,
    "recall": 0.7439024390243902,
    "f1": 0.7426813580072913,
    "val_acc": 0.721875,
    "per_emotion": {
      "angry": {
        "precision": 0.72,
        "recall": 0.8,
        "f1": 0.7578947368421053,
        "support": 45
      },
      "disgust": {
        "precision": 0.7555555555555555,
        "recall": 0.7083333333333334,
        "f1": 0.7311827956989247,
        "support": 48
      },
      "fear": {
        "precision": 0.675,
        "recall": 0.574468085106383,
        "f1": 0.6206896551724138,
        "support": 47
      },
      "happy": {
        "precision": 0.8636363636363636,
        "recall": 0.8085106382978723,
        "f1": 0.8351648351648352,
        "support": 47
      },
      "neutral": {
        "precision": 0.6938775510204082,
        "recall": 0.7083333333333334,
        "f1": 0.7010309278350515,
        "support": 48
      },
      "sad": {
        "precision": 0.7115384615384616,
        "recall": 0.7872340425531915,
        "f1": 0.7474747474747475,
        "support": 47
      },
      "surprised": {
        "precision": 0.7916666666666666,
        "recall": 0.8260869565217391,
        "f1": 0.8085106382978723,
        "support": 46
      }
    }
  }
}